date,total_cases,new_cases,new_cases_smoothed,total_deaths,new_deaths,new_deaths_smoothed,total_cases_per_million,new_cases_per_million,new_cases_smoothed_per_million,total_deaths_per_million,new_deaths_per_million,new_deaths_smoothed_per_million
2020-03-11,62,6,4.857,1,1,0.143,0.045,0.004,0.004,0.001,0.001,0
2020-03-12,73,11,6.143,1,0,0.143,0.053,0.008,0.004,0.001,0,0
2020-03-13,82,9,7.286,2,1,0.286,0.059,0.007,0.005,0.001,0.001,0
2020-03-14,102,20,9.714,2,0,0.286,0.074,0.014,0.007,0.001,0,0
2020-03-15,113,11,10.571,2,0,0.286,0.082,0.008,0.008,0.001,0,0
2020-03-16,119,6,10.857,2,0,0.286,0.086,0.004,0.008,0.001,0,0
2020-03-17,142,23,12.286,3,1,0.429,0.103,0.017,0.009,0.002,0.001,0
2020-03-18,156,14,13.429,3,0,0.286,0.113,0.01,0.01,0.002,0,0
2020-03-19,194,38,17.286,4,1,0.429,0.141,0.028,0.013,0.003,0.001,0
2020-03-20,244,50,23.143,5,1,0.429,0.177,0.036,0.017,0.004,0.001,0
2020-03-21,330,86,32.571,4,-1,0.286,0.239,0.062,0.024,0.003,-0.001,0
2020-03-22,396,66,40.429,7,3,0.714,0.287,0.048,0.029,0.005,0.002,0.001
2020-03-23,499,103,54.286,10,3,1.143,0.362,0.075,0.039,0.007,0.002,0.001
2020-03-24,536,37,56.286,10,0,1,0.388,0.027,0.041,0.007,0,0.001
2020-03-25,657,121,71.571,12,2,1.286,0.476,0.088,0.052,0.009,0.001,0.001
2020-03-26,727,70,76.143,20,8,2.286,0.527,0.051,0.055,0.014,0.006,0.002
2020-03-27,887,160,91.857,20,0,2.143,0.643,0.116,0.067,0.014,0,0.002
2020-03-28,987,100,93.857,24,4,2.857,0.715,0.072,0.068,0.017,0.003,0.002
2020-03-29,1024,37,89.714,27,3,2.857,0.742,0.027,0.065,0.02,0.002,0.002
2020-03-30,1251,227,107.429,32,5,3.143,0.907,0.164,0.078,0.023,0.004,0.002
2020-03-31,1397,146,123,35,3,3.571,1.012,0.106,0.089,0.025,0.002,0.003
2020-04-01,1998,601,191.571,58,23,6.571,1.448,0.436,0.139,0.042,0.017,0.005
2020-04-02,2543,545,259.429,72,14,7.429,1.843,0.395,0.188,0.052,0.01,0.005
2020-04-03,2567,24,240,72,0,7.429,1.86,0.017,0.174,0.052,0,0.005
2020-04-04,3082,515,299.286,86,14,8.857,2.233,0.373,0.217,0.062,0.01,0.006
2020-04-05,3588,506,366.286,99,13,10.286,2.6,0.367,0.265,0.072,0.009,0.007
2020-04-06,4778,1190,503.857,136,37,14.857,3.462,0.862,0.365,0.099,0.027,0.011
2020-04-07,5311,533,559.143,150,14,16.429,3.849,0.386,0.405,0.109,0.01,0.012
2020-04-08,5916,605,559.714,178,28,17.143,4.287,0.438,0.406,0.129,0.02,0.012
2020-04-09,6725,809,597.429,226,48,22,4.873,0.586,0.433,0.164,0.035,0.016
2020-04-10,7598,873,718.714,246,20,24.857,5.506,0.633,0.521,0.178,0.014,0.018
2020-04-11,8446,848,766.286,288,42,28.857,6.12,0.614,0.555,0.209,0.03,0.021
2020-04-12,9205,759,802.429,331,43,33.143,6.67,0.55,0.581,0.24,0.031,0.024
2020-04-13,10453,1248,810.714,358,27,31.714,7.575,0.904,0.587,0.259,0.02,0.023
2020-04-14,11487,1034,882.286,393,35,34.714,8.324,0.749,0.639,0.285,0.025,0.025
2020-04-15,12322,835,915.143,405,12,32.429,8.929,0.605,0.663,0.293,0.009,0.023
2020-04-16,13430,1108,957.857,448,43,31.714,9.732,0.803,0.694,0.325,0.031,0.023
2020-04-17,14352,922,964.857,486,38,34.286,10.4,0.668,0.699,0.352,0.028,0.025
2020-04-18,15722,1370,1039.429,521,35,33.286,11.393,0.993,0.753,0.378,0.025,0.024
2020-04-19,17615,1893,1201.429,559,38,32.571,12.764,1.372,0.871,0.405,0.028,0.024
2020-04-20,18539,924,1155.143,592,33,33.429,13.434,0.67,0.837,0.429,0.024,0.024
2020-04-21,20080,1541,1227.571,645,53,36,14.551,1.117,0.89,0.467,0.038,0.026
2020-04-22,21370,1290,1292.571,681,36,39.429,15.485,0.935,0.937,0.493,0.026,0.029
2020-04-23,23077,1707,1378.143,721,40,39,16.722,1.237,0.999,0.522,0.029,0.028
2020-04-24,24530,1453,1454,780,59,42,17.775,1.053,1.054,0.565,0.043,0.03
2020-04-25,26283,1753,1508.714,825,45,43.429,19.046,1.27,1.093,0.598,0.033,0.031
2020-04-26,27890,1607,1467.857,881,56,46,20.21,1.164,1.064,0.638,0.041,0.033
2020-04-27,29451,1561,1558.857,939,58,49.571,21.341,1.131,1.13,0.68,0.042,0.036
2020-04-28,31324,1873,1606.286,1008,69,51.857,22.698,1.357,1.164,0.73,0.05,0.038
2020-04-29,33062,1738,1670.286,1079,71,56.857,23.958,1.259,1.21,0.782,0.051,0.041
2020-04-30,34863,1801,1683.714,1154,75,61.857,25.263,1.305,1.22,0.836,0.054,0.045
2020-05-01,37257,2394,1818.143,1223,69,63.286,26.998,1.735,1.317,0.886,0.05,0.046
2020-05-02,39699,2442,1916.571,1323,100,71.143,28.767,1.77,1.389,0.959,0.072,0.052
2020-05-03,42505,2806,2087.857,1391,68,72.857,30.801,2.033,1.513,1.008,0.049,0.053
2020-05-04,46437,3932,2426.571,1566,175,89.571,33.65,2.849,1.758,1.135,0.127,0.065
2020-05-05,49400,2963,2582.286,1693,127,97.857,35.797,2.147,1.871,1.227,0.092,0.071
2020-05-06,52987,3587,2846.429,1785,92,100.857,38.396,2.599,2.063,1.293,0.067,0.073
2020-05-07,56351,3364,3069.714,1889,104,105,40.834,2.438,2.224,1.369,0.075,0.076
2020-05-08,59695,3344,3205.429,1985,96,108.857,43.257,2.423,2.323,1.438,0.07,0.079
2020-05-09,62808,3113,3301.286,2101,116,111.143,45.513,2.256,2.392,1.522,0.084,0.081
2020-05-10,67161,4353,3522.286,2212,111,117.286,48.667,3.154,2.552,1.603,0.08,0.085
2020-05-11,70768,3607,3475.857,2294,82,104,51.281,2.614,2.519,1.662,0.059,0.075
2020-05-12,74292,3524,3556,2415,121,103.143,53.835,2.554,2.577,1.75,0.088,0.075
2020-05-13,78055,3763,3581.143,2551,136,109.429,56.561,2.727,2.595,1.849,0.099,0.079
2020-05-14,81997,3942,3663.714,2649,98,108.571,59.418,2.857,2.655,1.92,0.071,0.079
2020-05-15,85784,3787,3727,2753,104,109.714,62.162,2.744,2.701,1.995,0.075,0.08
2020-05-16,90648,4864,3977.143,2871,118,110,65.687,3.525,2.882,2.08,0.086,0.08
2020-05-17,95698,5050,4076.714,3025,154,116.143,69.346,3.659,2.954,2.192,0.112,0.084
2020-05-18,100328,4630,4222.857,3156,131,123.143,72.701,3.355,3.06,2.287,0.095,0.089
2020-05-19,106475,6147,4597.571,3302,146,126.714,77.156,4.454,3.332,2.393,0.106,0.092
2020-05-20,112028,5553,4853.286,3434,132,126.143,81.179,4.024,3.517,2.488,0.096,0.091
2020-05-21,118226,6198,5175.571,3584,150,133.571,85.671,4.491,3.75,2.597,0.109,0.097
2020-05-22,124794,6568,5572.857,3726,142,139,90.43,4.759,4.038,2.7,0.103,0.101
2020-05-23,131423,6629,5825,3868,142,142.429,95.234,4.804,4.221,2.803,0.103,0.103
2020-05-24,138536,7113,6119.714,4024,156,142.714,100.388,5.154,4.435,2.916,0.113,0.103
2020-05-25,144950,6414,6374.571,4172,148,145.143,105.036,4.648,4.619,3.023,0.107,0.105
2020-05-26,150793,5843,6331.143,4344,172,148.857,109.27,4.234,4.588,3.148,0.125,0.108
2020-05-27,158086,7293,6579.714,4534,190,157.143,114.555,5.285,4.768,3.285,0.138,0.114
2020-05-28,165386,7300,6737.143,4711,177,161,119.845,5.29,4.882,3.414,0.128,0.117
2020-05-29,173491,8105,6956.714,4980,269,179.143,125.718,5.873,5.041,3.609,0.195,0.13
2020-05-30,181827,8336,7200.571,5185,205,188.143,131.758,6.041,5.218,3.757,0.149,0.136
2020-05-31,190609,8782,7439,5408,223,197.714,138.122,6.364,5.391,3.919,0.162,0.143
2020-06-01,198370,7761,7631.429,5608,200,205.143,143.746,5.624,5.53,4.064,0.145,0.149
2020-06-02,207191,8821,8056.857,5829,221,212.143,150.138,6.392,5.838,4.224,0.16,0.154
2020-06-03,216824,9633,8391.143,6088,259,222,157.118,6.98,6.081,4.412,0.188,0.161
2020-06-04,226713,9889,8761,6363,275,236,164.284,7.166,6.349,4.611,0.199,0.171
2020-06-05,236184,9471,8956.143,6649,286,238.429,171.147,6.863,6.49,4.818,0.207,0.173
2020-06-06,246622,10438,9256.429,6946,297,251.571,178.711,7.564,6.708,5.033,0.215,0.182
2020-06-07,257486,10864,9553.857,7207,261,257,186.583,7.872,6.923,5.222,0.189,0.186
2020-06-08,265928,8442,9651.143,7473,266,266.429,192.701,6.117,6.994,5.415,0.193,0.193
2020-06-09,276146,10218,9850.714,7750,277,274.429,200.105,7.404,7.138,5.616,0.201,0.199
2020-06-10,286605,10459,9968.714,8102,352,287.714,207.684,7.579,7.224,5.871,0.255,0.208
2020-06-11,297535,10930,10117.429,8498,396,305,215.604,7.92,7.331,6.158,0.287,0.221
2020-06-12,308993,11458,10401.286,8884,386,319.286,223.907,8.303,7.537,6.438,0.28,0.231
2020-06-13,320922,11929,10614.286,9195,311,321.286,232.551,8.644,7.691,6.663,0.225,0.233
2020-06-14,332424,11502,10705.429,9520,325,330.429,240.886,8.335,7.758,6.899,0.236,0.239
2020-06-15,343091,10667,11023.286,9900,380,346.714,248.616,7.73,7.988,7.174,0.275,0.251
2020-06-16,354065,10974,11131.286,11903,2003,593.286,256.568,7.952,8.066,8.625,1.451,0.43
2020-06-17,366946,12881,11477.286,12237,334,590.714,265.902,9.334,8.317,8.867,0.242,0.428
2020-06-18,380532,13586,11856.714,12573,336,582.143,275.747,9.845,8.592,9.111,0.243,0.422
2020-06-19,395048,14516,12293.571,12948,375,580.571,286.266,10.519,8.908,9.383,0.272,0.421
2020-06-20,410451,15403,12789.857,13254,306,579.857,297.427,11.162,9.268,9.604,0.222,0.42
2020-06-21,425282,14831,13265.429,13699,445,597,308.174,10.747,9.613,9.927,0.322,0.433
2020-06-22,440215,14933,13874.857,14011,312,587.286,318.995,10.821,10.054,10.153,0.226,0.426
2020-06-23,456183,15968,14588.286,14476,465,367.571,330.566,11.571,10.571,10.49,0.337,0.266
2020-06-24,473105,16922,15165.571,14894,418,379.571,342.829,12.262,10.99,10.793,0.303,0.275
2020-06-25,490401,17296,15695.571,15301,407,389.714,355.362,12.533,11.374,11.088,0.295,0.282
2020-06-26,508953,18552,16272.143,15685,384,391,368.805,13.443,11.791,11.366,0.278,0.283
2020-06-27,528859,19906,16915.429,16095,410,405.857,383.23,14.425,12.258,11.663,0.297,0.294
2020-06-28,548318,19459,17576.571,16475,380,396.571,397.331,14.101,12.737,11.938,0.275,0.287
2020-06-29,566840,18522,18089.286,16893,418,411.714,410.752,13.422,13.108,12.241,0.303,0.298
2020-06-30,585481,18641,18471.143,17400,507,417.714,424.26,13.508,13.385,12.609,0.367,0.303
2020-07-01,604641,19160,18790.857,17834,434,420,438.144,13.884,13.617,12.923,0.314,0.304
2020-07-02,625544,20903,19306.143,18213,379,416,453.291,15.147,13.99,13.198,0.275,0.301
2020-07-03,648315,22771,19908.857,18655,442,424.286,469.792,16.501,14.427,13.518,0.32,0.307
2020-07-04,673165,24850,20615.143,19268,613,453.286,487.799,18.007,14.938,13.962,0.444,0.328
2020-07-05,697413,24248,21299.286,19693,425,459.714,505.37,17.571,15.434,14.27,0.308,0.333
2020-07-06,719664,22251,21832,20159,466,466.571,521.494,16.124,15.82,14.608,0.338,0.338
2020-07-07,742417,22753,22419.429,20642,483,463.143,537.982,16.488,16.246,14.958,0.35,0.336
2020-07-08,767296,24879,23236.429,21129,487,470.714,556.01,18.028,16.838,15.311,0.353,0.341
2020-07-09,793802,26506,24036.857,21604,475,484.429,575.217,19.207,17.418,15.655,0.344,0.351
2020-07-10,820916,27114,24657.286,22123,519,495.429,594.865,19.648,17.868,16.031,0.376,0.359
2020-07-11,849522,28606,25193.857,22673,550,486.429,615.594,20.729,18.256,16.43,0.399,0.352
2020-07-12,878254,28732,25834.429,23174,501,497.286,636.414,20.82,18.721,16.793,0.363,0.36
2020-07-13,906752,28498,26726.857,23727,553,509.714,657.065,20.651,19.367,17.193,0.401,0.369
2020-07-14,936181,29429,27680.571,24309,582,523.857,678.39,21.325,20.058,17.615,0.422,0.38
2020-07-15,968857,32676,28794.429,24914,605,540.714,702.068,23.678,20.865,18.054,0.438,0.392
2020-07-16,1003832,34975,30004.286,25602,688,571.143,727.412,25.344,21.742,18.552,0.499,0.414
2020-07-17,1039084,35252,31166.857,26273,671,592.857,752.957,25.545,22.585,19.038,0.486,0.43
2020-07-18,1077781,38697,32608.429,26816,543,591.857,780.998,28.041,23.629,19.432,0.393,0.429
2020-07-19,1118206,40425,34278.857,27497,681,617.571,810.292,29.293,24.84,19.925,0.493,0.448
2020-07-20,1155338,37132,35512.286,28082,585,622.143,837.199,26.907,25.733,20.349,0.424,0.451
2020-07-21,1193078,37740,36699.571,28732,650,631.857,864.547,27.348,26.594,20.82,0.471,0.458
2020-07-22,1238798,45720,38563,29861,1129,706.714,897.677,33.13,27.944,21.638,0.818,0.512
2020-07-23,1288108,49310,40610.857,30601,740,714.143,933.409,35.732,29.428,22.175,0.536,0.517
2020-07-24,1337024,48916,42562.857,31358,757,726.429,968.855,35.446,30.843,22.723,0.549,0.526
2020-07-25,1385635,48611,43979.143,32060,702,749.143,1004.08,35.225,31.869,23.232,0.509,0.543
2020-07-26,1435616,49981,45344.286,32771,711,753.429,1040.298,36.218,32.858,23.747,0.515,0.546
2020-07-27,1480073,44457,46390.714,33408,637,760.857,1072.513,32.215,33.616,24.209,0.462,0.551
2020-07-28,1531669,51596,48370.143,34193,785,780.143,1109.902,37.388,35.051,24.777,0.569,0.565
2020-07-29,1581963,50294,49023.571,34955,762,727.714,1146.346,36.445,35.524,25.33,0.552,0.527
2020-07-30,1634746,52783,49519.714,35718,763,731,1184.595,38.248,35.884,25.883,0.553,0.53
2020-07-31,1695988,61242,51280.571,36511,793,736.143,1228.973,44.378,37.16,26.457,0.575,0.533
2020-08-01,1750723,54735,52155.429,37364,853,757.714,1268.636,39.663,37.794,27.075,0.618,0.549
2020-08-02,1803695,52972,52582.714,38135,771,766.286,1307.021,38.385,38.103,27.634,0.559,0.555
2020-08-03,1855745,52050,53667.429,38938,803,790,1344.738,37.717,38.889,28.216,0.582,0.572
2020-08-04,1908254,52509,53797.857,39795,857,800.286,1382.788,38.05,38.984,28.837,0.621,0.58
2020-08-05,1964536,56282,54653.286,40699,904,820.571,1423.572,40.784,39.604,29.492,0.655,0.595
2020-08-06,2027074,62538,56046.857,41585,886,838.143,1468.89,45.317,40.614,30.134,0.642,0.607
2020-08-07,2088611,61537,56089,42518,933,858.143,1513.481,44.592,40.644,30.81,0.676,0.622
2020-08-08,2153010,64399,57469.571,43379,861,859.286,1560.147,46.666,41.644,31.434,0.624,0.623
2020-08-09,2215074,62064,58768.429,44386,1007,893,1605.121,44.974,42.586,32.164,0.73,0.647
2020-08-10,2268675,53601,58990,45257,871,902.714,1643.962,38.841,42.746,32.795,0.631,0.654
2020-08-11,2329638,60963,60197.714,46091,834,899.429,1688.138,44.176,43.621,33.399,0.604,0.652
2020-08-12,2396637,66999,61728.714,47033,942,904.857,1736.688,48.55,44.731,34.082,0.683,0.656
2020-08-13,2461190,64553,62016.571,48040,1007,922.143,1783.465,46.777,44.939,34.811,0.73,0.668
2020-08-14,2525922,64732,62473,49036,996,931.143,1830.372,46.907,45.27,35.533,0.722,0.675
2020-08-15,2589952,64030,62420.286,49980,944,943,1876.771,46.398,45.232,36.217,0.684,0.683
2020-08-16,2647663,57711,61798.429,50921,941,933.571,1918.59,41.819,44.781,36.899,0.682,0.676
2020-08-17,2702681,55018,62000.857,51797,876,934.286,1958.458,39.868,44.928,37.534,0.635,0.677
2020-08-18,2767253,64572,62516.429,52888,1091,971,2005.249,46.791,45.302,38.325,0.791,0.704
2020-08-19,2836925,69672,62898.286,53866,978,976.143,2055.736,50.487,45.578,39.033,0.709,0.707
2020-08-20,2905825,68900,63519.286,54849,983,972.714,2105.664,49.927,46.028,39.746,0.712,0.705
2020-08-21,2975701,69876,64254.143,55794,945,965.429,2156.298,50.635,46.561,40.43,0.685,0.7
2020-08-22,3044940,69239,64998.286,56706,912,960.857,2206.471,50.173,47.1,41.091,0.661,0.696
2020-08-23,3106348,61408,65526.429,57542,836,945.857,2250.97,44.498,47.483,41.697,0.606,0.685
2020-08-24,3167323,60975,66377.429,58390,848,941.857,2295.154,44.185,48.099,42.311,0.614,0.683
2020-08-25,3224547,57224,65327.714,59357,967,924.143,2336.621,41.467,47.339,43.012,0.701,0.67
2020-08-26,3310234,85687,67615.571,60472,1115,943.714,2398.713,62.092,48.997,43.82,0.808,0.684
2020-08-27,3387500,77266,68810.714,61529,1057,954.286,2454.702,55.99,49.863,44.586,0.766,0.692
2020-08-28,3463972,76472,69753,62550,1021,965.143,2510.117,55.414,50.545,45.326,0.74,0.699
2020-08-29,3542733,78761,71113.286,63498,948,970.286,2567.19,57.073,51.531,46.013,0.687,0.703
2020-08-30,3621245,78512,73556.714,64469,971,989.571,2624.082,56.893,53.302,46.717,0.704,0.717
2020-08-31,3691166,69921,74834.714,65288,819,985.429,2674.749,50.667,54.228,47.31,0.593,0.714
2020-09-01,3769523,78357,77853.714,66333,1045,996.571,2731.53,56.78,56.416,48.067,0.757,0.722
2020-09-02,3853406,83883,77596,67376,1043,986.286,2792.314,60.785,56.229,48.823,0.756,0.715
2020-09-03,3936747,83341,78463.857,68472,1096,991.857,2852.706,60.392,56.858,49.617,0.794,0.719
2020-09-04,4023179,86432,79886.714,69561,1089,1001.571,2915.338,62.632,57.889,50.406,0.789,0.726
2020-09-05,4113811,90632,81582.571,70626,1065,1018.286,2981.013,65.675,59.118,51.178,0.772,0.738
2020-09-06,4204613,90802,83338.286,71642,1016,1024.714,3046.811,65.798,60.39,51.914,0.736,0.743
2020-09-07,4280422,75809,84179.429,72775,1133,1069.571,3101.745,54.934,60.999,52.735,0.821,0.775
2020-09-08,4370128,89706,85800.714,73890,1115,1079.571,3166.749,65.004,62.174,53.543,0.808,0.782
2020-09-09,4465863,95735,87493.857,75062,1172,1098,3236.122,69.373,63.401,54.393,0.849,0.796
2020-09-10,4562414,96551,89381,76271,1209,1114.143,3306.087,69.964,64.769,55.269,0.876,0.807
2020-09-11,4659984,97570,90972.143,77472,1201,1130.143,3376.789,70.703,65.922,56.139,0.87,0.819
2020-09-12,4754356,94372,91506.429,78586,1114,1137.143,3445.175,68.385,66.309,56.946,0.807,0.824
2020-09-13,4846427,92071,91687.714,79722,1136,1154.286,3511.892,66.718,66.44,57.769,0.823,0.836
2020-09-14,4930236,83809,92830.571,80776,1054,1143,3572.623,60.731,67.268,58.533,0.764,0.828
2020-09-15,5020359,90123,92890.143,82066,1290,1168,3637.93,65.306,67.311,59.468,0.935,0.846
2020-09-16,5118253,97894,93198.571,83198,1132,1162.286,3708.867,70.937,67.535,60.288,0.82,0.842
2020-09-17,5214677,96424,93180.429,84372,1174,1157.286,3778.739,69.872,67.522,61.139,0.851,0.839
2020-09-18,5308014,93337,92575.714,85619,1247,1163.857,3846.375,67.635,67.084,62.043,0.904,0.843
2020-09-19,5400619,92605,92323.286,86752,1133,1166.571,3913.48,67.105,66.901,62.864,0.821,0.845
2020-09-20,5487580,86961,91593.286,87882,1130,1165.714,3976.495,63.015,66.372,63.682,0.819,0.845
2020-09-21,5562663,75083,90346.714,88935,1053,1165.571,4030.902,54.408,65.468,64.445,0.763,0.845
2020-09-22,5646010,83347,89378.714,90020,1085,1136.286,4091.299,60.396,64.767,65.232,0.786,0.823
2020-09-23,5732518,86508,87752.143,91149,1129,1135.857,4153.985,62.687,63.588,66.05,0.818,0.823
2020-09-24,5818570,86052,86270.429,92290,1141,1131.143,4216.342,62.356,62.515,66.877,0.827,0.82
2020-09-25,5903932,85362,85131.143,93379,1089,1108.571,4278.198,61.856,61.689,67.666,0.789,0.803
2020-09-26,5992532,88600,84559,94503,1124,1107.286,4342.401,64.203,61.274,68.48,0.814,0.802
2020-09-27,6074702,82170,83874.571,95542,1039,1094.286,4401.944,59.543,60.778,69.233,0.753,0.793
2020-09-28,6145291,70589,83232.571,96318,776,1054.714,4453.095,51.151,60.313,69.795,0.562,0.764
2020-09-29,6225763,80472,82821.857,97497,1179,1068.143,4511.408,58.313,60.016,70.65,0.854,0.774
2020-09-30,6312584,86821,82866.571,98678,1181,1075.571,4574.322,62.914,60.048,71.506,0.856,0.779
2020-10-01,6394068,81484,82214,99773,1095,1069,4633.368,59.046,59.575,72.299,0.793,0.775
2020-10-02,6473544,79476,81373.143,100842,1069,1066.143,4690.959,57.591,58.966,73.074,0.775,0.773
2020-10-03,6549373,75829,79548.714,101782,940,1039.857,4745.907,54.948,57.644,73.755,0.681,0.754
2020-10-04,6623815,74442,78444.714,102685,903,1020.429,4799.851,53.943,56.844,74.409,0.654,0.739
2020-10-05,6685082,61267,77113,103569,884,1035.857,4844.247,44.396,55.879,75.05,0.641,0.751
2020-10-06,6757131,72049,75909.714,104555,986,1008.286,4896.456,52.209,55.007,75.764,0.714,0.731
2020-10-07,6835655,78524,74724.429,105526,971,978.286,4953.357,56.901,54.148,76.468,0.704,0.709
2020-10-08,6906151,70496,73154.714,106490,964,959.571,5004.441,51.084,53.01,77.166,0.699,0.695
2020-10-09,6979423,73272,72268.429,107416,926,939.143,5057.537,53.095,52.368,77.837,0.671,0.681
2020-10-10,7053806,74383,72061.857,108334,918,936,5111.437,53.901,52.219,78.503,0.665,0.678
2020-10-11,7120538,66732,70960.429,109150,816,923.571,5159.794,48.356,51.42,79.094,0.591,0.669
2020-10-12,7175880,55342,70114,109856,706,898.143,5199.897,40.103,50.807,79.606,0.512,0.651
2020-10-13,7239389,63509,68894,110586,730,861.571,5245.917,46.021,49.923,80.135,0.529,0.624
2020-10-14,7307097,67708,67348.857,111266,680,820,5294.981,49.064,48.803,80.627,0.493,0.594
2020-10-15,7370468,63371,66331,112161,895,810.143,5340.902,45.921,48.066,81.276,0.649,0.587
2020-10-16,7432680,62212,64751,112998,837,797.429,5385.983,45.081,46.921,81.882,0.607,0.578
2020-10-17,7494551,61871,62963.571,114031,1033,813.857,5430.817,44.834,45.626,82.631,0.749,0.59
2020-10-18,7550273,55722,61390.714,114610,579,780,5471.195,40.378,44.486,83.05,0.42,0.565
2020-10-19,7597063,46790,60169,115197,587,763,5505.101,33.906,43.601,83.476,0.425,0.553
2020-10-20,7651107,54044,58816.857,115914,717,761.143,5544.263,39.162,42.621,83.995,0.52,0.552
2020-10-21,7706946,55839,57121.286,116616,702,764.286,5584.726,40.463,41.392,84.504,0.509,0.554
2020-10-22,7761312,54366,55834.857,117306,690,735,5624.121,39.396,40.46,85.004,0.5,0.533
2020-10-23,7814682,53370,54571.714,117956,650,708.286,5662.795,38.674,39.545,85.475,0.471,0.513
2020-10-24,7864811,50129,52894.286,118534,578,643.286,5699.12,36.325,38.329,85.894,0.419,0.466
2020-10-25,7909959,45148,51383.714,119014,480,629.143,5731.836,32.716,37.234,86.242,0.348,0.456
2020-10-26,7946429,36470,49909.429,119502,488,615,5758.264,26.427,36.166,86.595,0.354,0.446
2020-10-27,7990322,43893,48459.286,120010,508,585.143,5790.07,31.806,35.115,86.963,0.368,0.424
2020-10-28,8040203,49881,47608.143,120527,517,558.714,5826.216,36.146,34.499,87.338,0.375,0.405
2020-10-29,8088851,48648,46791.286,121090,563,540.571,5861.468,35.252,33.907,87.746,0.408,0.392
2020-10-30,8137119,48268,46062.429,121641,551,526.429,5896.444,34.977,33.378,88.145,0.399,0.381
2020-10-31,8184082,46963,45610.143,122111,470,511,5930.475,34.031,33.051,88.486,0.341,0.37
2020-11-01,8229313,45231,45622,122607,496,513.286,5963.251,32.776,33.059,88.845,0.359,0.372
2020-11-02,8267623,38310,45884.857,123097,490,513.571,5991.012,27.761,33.25,89.2,0.355,0.372
2020-11-03,8313876,46253,46222,123611,514,514.429,6024.529,33.517,33.494,89.573,0.372,0.373
2020-11-04,8364086,50210,46269,124315,704,541.143,6060.913,36.384,33.528,90.083,0.51,0.392
2020-11-05,8411724,47638,46124.714,124985,670,556.429,6095.433,34.52,33.424,90.569,0.486,0.403
2020-11-06,8462080,50356,46423,125562,577,560.143,6131.923,36.49,33.64,90.987,0.418,0.406
2020-11-07,8507754,45674,46238.857,126121,559,572.857,6165.02,33.097,33.506,91.392,0.405,0.415
2020-11-08,8553657,45903,46334.857,126611,490,572,6198.282,33.263,33.576,91.747,0.355,0.414
2020-11-09,8591730,38073,46301,127059,448,566,6225.872,27.589,33.551,92.071,0.325,0.41
2020-11-10,8636011,44281,46019.286,127571,512,565.714,6257.959,32.088,33.347,92.442,0.371,0.41
2020-11-11,8683916,47905,45690,128121,550,543.714,6292.673,34.714,33.109,92.841,0.399,0.394
2020-11-12,8728795,44879,45295.857,128668,547,526.143,6325.194,32.521,32.823,93.237,0.396,0.381
2020-11-13,8773479,44684,44485.571,129188,520,518,6357.573,32.38,32.236,93.614,0.377,0.375
2020-11-14,8814579,41100,43832.143,129635,447,502,6387.356,29.783,31.762,93.938,0.324,0.364
2020-11-15,8845127,30548,41638.571,130070,435,494.143,6409.492,22.136,30.173,94.253,0.315,0.358
2020-11-16,8874290,29163,40365.714,130519,449,494.286,6430.624,21.133,29.25,94.579,0.325,0.358
2020-11-17,8912907,38617,39556.571,130993,474,488.857,6458.608,27.983,28.664,94.922,0.343,0.354
2020-11-18,8958483,45576,39223.857,131578,585,493.857,6491.634,33.026,28.423,95.346,0.424,0.358
2020-11-19,9004365,45882,39367.143,132162,584,499.143,6524.881,33.248,28.527,95.769,0.423,0.362
2020-11-20,9050597,46232,39588.286,132726,564,505.429,6558.383,33.501,28.687,96.178,0.409,0.366
2020-11-21,9095806,45209,40175.286,133227,501,513.143,6591.143,32.76,29.112,96.541,0.363,0.372
2020-11-22,9139865,44059,42105.429,133738,511,524,6623.07,31.927,30.511,96.911,0.37,0.38
2020-11-23,9177840,37975,43364.286,134218,480,528.429,6650.588,27.518,31.423,97.259,0.348,0.383
2020-11-24,9222216,44376,44187,134699,481,529.429,6682.744,32.156,32.019,97.608,0.349,0.384
2020-11-25,9266705,44489,44031.714,135223,524,520.714,6714.982,32.238,31.907,97.987,0.38,0.377
2020-11-26,9309787,43082,43631.714,135715,492,507.571,6746.201,31.219,31.617,98.344,0.357,0.368
2020-11-27,9351109,41322,42930.286,136200,485,496.286,6776.144,29.943,31.109,98.695,0.351,0.36
2020-11-28,9392919,41810,42444.714,136696,496,495.571,6806.441,30.297,30.757,99.055,0.359,0.359
2020-11-29,9431691,38772,41689.429,137139,443,485.857,6834.537,28.096,30.21,99.376,0.321,0.352
2020-11-30,9462809,31118,40709.857,137621,482,486.143,6857.086,22.549,29.5,99.725,0.349,0.352
2020-12-01,9499413,36604,39599.571,138122,501,489,6883.611,26.525,28.695,100.088,0.363,0.354
2020-12-02,9534964,35551,38322.714,138648,526,489.286,6909.372,25.762,27.77,100.469,0.381,0.355
2020-12-03,9571559,36595,37396,139188,540,496.143,6935.89,26.518,27.098,100.861,0.391,0.36
2020-12-04,9608211,36652,36728.857,139700,512,500,6962.45,26.559,26.615,101.232,0.371,0.362
2020-12-05,9644222,36011,35900.429,140182,482,498,6988.544,26.095,26.015,101.581,0.349,0.361
2020-12-06,9677203,32981,35073.143,140573,391,490.571,7012.444,23.899,25.415,101.864,0.283,0.355
2020-12-07,9703770,26567,34423,140958,385,476.714,7031.695,19.251,24.944,102.143,0.279,0.345
2020-12-08,9735850,32080,33776.714,141360,402,462.571,7054.941,23.246,24.476,102.434,0.291,0.335
2020-12-09,9767371,31521,33201,141772,412,446.286,7077.783,22.841,24.059,102.733,0.299,0.323
2020-12-10,9796744,29373,32169.286,142185,413,428.143,7099.067,21.285,23.311,103.032,0.299,0.31
2020-12-11,9826775,30031,31223.429,142628,443,418.286,7120.829,21.762,22.626,103.353,0.321,0.303
2020-12-12,9857029,30254,30401,143019,391,405.286,7142.752,21.923,22.03,103.637,0.283,0.294
2020-12-13,9884100,27071,29556.714,143355,336,397.429,7162.369,19.617,21.418,103.88,0.243,0.288
2020-12-14,9906165,22065,28913.571,143709,354,393,7178.358,15.989,20.952,104.137,0.257,0.285
2020-12-15,9932547,26382,28099.571,144096,387,390.857,7197.475,19.117,20.362,104.417,0.28,0.283
2020-12-16,9956557,24010,27026.571,144451,355,382.714,7214.873,17.398,19.584,104.674,0.257,0.277
2020-12-17,9979447,22890,26100.429,144789,338,372,7231.46,16.587,18.913,104.919,0.245,0.27
2020-12-18,10004599,25152,25403.429,145136,347,358.286,7249.686,18.226,18.408,105.171,0.251,0.26
2020-12-19,10031223,26624,24884.857,145477,341,351.143,7268.979,19.293,18.032,105.418,0.247,0.254
2020-12-20,10055560,24337,24494.286,145810,333,350.714,7286.615,17.635,17.749,105.659,0.241,0.254
2020-12-21,10075116,19556,24135.857,146111,301,343.143,7300.785,14.171,17.49,105.877,0.218,0.249
2020-12-22,10099066,23950,23788.429,146444,333,335.429,7318.141,17.355,17.238,106.119,0.241,0.243
2020-12-23,10123778,24712,23888.714,146756,312,329.286,7336.048,17.907,17.311,106.345,0.226,0.239
2020-12-24,10146845,23067,23914,147092,336,329,7352.763,16.715,17.329,106.588,0.243,0.238
2020-12-25,10169118,22273,23502.714,147343,251,315.286,7368.903,16.14,17.031,106.77,0.182,0.228
2020-12-26,10187850,18732,22375.286,147622,279,306.429,7382.477,13.574,16.214,106.972,0.202,0.222
2020-12-27,10207871,20021,21758.714,147901,279,298.714,7396.984,14.508,15.767,107.174,0.202,0.216
2020-12-28,10224303,16432,21312.429,148153,252,291.714,7408.892,11.907,15.444,107.357,0.183,0.211
2020-12-29,10244852,20549,20826.571,148439,286,285,7423.782,14.891,15.092,107.564,0.207,0.207
2020-12-30,10266674,21822,20413.714,148738,299,283.143,7439.595,15.813,14.792,107.781,0.217,0.205
2020-12-31,10266674,0,17118.429,148738,0,235.143,7439.595,0,12.405,107.781,0,0.17
2021-01-01,10286709,20035,16798.714,148994,256,235.857,7454.113,14.518,12.173,107.966,0.186,0.171
2021-01-02,10323965,37256,19445,149435,441,259,7481.11,26.997,14.091,108.286,0.32,0.188
2021-01-03,10340469,16504,18942.571,149649,214,249.714,7493.07,11.959,13.726,108.441,0.155,0.181
2021-01-04,10356844,16375,18934.429,149850,201,242.429,7504.936,11.866,13.721,108.587,0.146,0.176
2021-01-05,10374932,18088,18582.857,150114,264,239.286,7518.043,13.107,13.466,108.778,0.191,0.173
2021-01-06,10395278,20346,18372,150336,222,228.286,7532.786,14.743,13.313,108.939,0.161,0.165
2021-01-07,10413417,18139,20963.286,150570,234,261.714,7545.93,13.144,15.191,109.108,0.17,0.19
2021-01-08,10413417,0,18101.143,150570,0,225.143,7545.93,0,13.117,109.108,0,0.163
2021-01-09,10450284,36867,18045.571,150999,429,223.429,7572.646,26.715,13.076,109.419,0.311,0.162
2021-01-10,10466595,16311,18018,151160,161,215.857,7584.465,11.82,13.056,109.536,0.117,0.156
2021-01-11,10479179,12584,17476.429,151327,167,211,7593.584,9.119,12.664,109.657,0.121,0.153
2021-01-12,10495147,15968,17173.571,151529,202,202.143,7605.155,11.571,12.445,109.803,0.146,0.146
2021-01-13,10512093,16946,16687.857,151727,198,198.714,7617.434,12.28,12.093,109.947,0.143,0.144
2021-01-14,10527683,15590,16323.714,151918,191,192.571,7628.732,11.297,11.829,110.085,0.138,0.14
2021-01-15,10542841,15158,18489.143,152093,175,217.571,7639.716,10.984,13.398,110.212,0.127,0.158
2021-01-16,10557985,15144,15385.857,152274,181,182.143,7650.689,10.974,11.149,110.343,0.131,0.132
2021-01-17,10571773,13788,15025.429,152419,145,179.857,7660.681,9.991,10.888,110.448,0.105,0.13
2021-01-18,10581823,10050,14663.429,152556,137,175.571,7667.963,7.283,10.626,110.547,0.099,0.127
2021-01-19,10595639,13816,14356,152718,162,169.857,7677.975,10.012,10.403,110.665,0.117,0.123
2021-01-20,10610883,15244,14112.857,152869,151,163.143,7689.021,11.046,10.227,110.774,0.109,0.118
2021-01-21,10625428,14545,13963.571,153032,163,159.143,7699.561,10.54,10.118,110.892,0.118,0.115
2021-01-22,10639684,14256,13834.714,153184,152,155.857,7709.891,10.33,10.025,111.003,0.11,0.113
2021-01-23,10654533,14849,13792.571,153339,155,152.143,7720.652,10.76,9.995,111.115,0.112,0.11
2021-01-24,10667736,13203,13709,153470,131,150.143,7730.219,9.567,9.934,111.21,0.095,0.109
2021-01-25,10676838,9102,13573.571,153587,117,147.286,7736.815,6.596,9.836,111.295,0.085,0.107
2021-01-26,10689527,12689,13412.571,153724,137,143.714,7746.009,9.195,9.719,111.394,0.099,0.104
2021-01-27,10701193,11666,12901.429,153847,123,139.714,7754.463,8.454,9.349,111.483,0.089,0.101
2021-01-28,10720048,18855,13517.143,154010,163,139.714,7768.126,13.663,9.795,111.601,0.118,0.101
2021-01-29,10733130,13082,13349.429,154147,137,137.571,7777.606,9.48,9.673,111.7,0.099,0.1
2021-01-30,10746174,13044,13091.571,154274,127,133.571,7787.058,9.452,9.487,111.792,0.092,0.097
2021-01-31,10757610,11436,12839.143,154392,118,131.714,7795.345,8.287,9.304,111.878,0.086,0.095
2021-02-01,10766245,8635,12772.429,154486,94,128.429,7801.602,6.257,9.255,111.946,0.068,0.093
2021-02-02,10777284,11039,12536.714,154596,110,124.571,7809.601,7.999,9.085,112.026,0.08,0.09
2021-02-03,10790183,12899,12712.857,154703,107,122.286,7818.948,9.347,9.212,112.103,0.078,0.089
2021-02-04,10802591,12408,11791.857,154823,120,116.143,7827.94,8.991,8.545,112.19,0.087,0.084
2021-02-05,10814304,11713,11596.286,154918,95,110.143,7836.427,8.488,8.403,112.259,0.069,0.08
2021-02-06,10826363,12059,11455.571,154996,78,103.143,7845.166,8.738,8.301,112.316,0.057,0.075
2021-02-07,10838194,11831,11512,155080,84,98.286,7853.739,8.573,8.342,112.376,0.061,0.071
2021-02-08,10847304,9110,11579.857,155158,78,96,7860.34,6.601,8.391,112.433,0.057,0.07
2021-02-09,10858371,11067,11583.857,155252,94,93.714,7868.36,8.02,8.394,112.501,0.068,0.068
2021-02-10,10871294,12923,11587.286,155360,108,93.857,7877.724,9.364,8.397,112.579,0.078,0.068
2021-02-11,10880603,9309,11144.571,155447,87,89.143,7884.47,6.746,8.076,112.642,0.063,0.065
2021-02-12,10892746,12143,11206,155550,103,90.286,7893.269,8.799,8.12,112.717,0.075,0.065
2021-02-13,10904940,12194,11225.286,155642,92,92.286,7902.105,8.836,8.134,112.784,0.067,0.067
2021-02-14,10916589,11649,11199.286,155732,90,93.143,7910.547,8.441,8.115,112.849,0.065,0.067
2021-02-15,10925710,9121,11200.857,155813,81,93.571,7917.156,6.609,8.117,112.908,0.059,0.068
2021-02-16,10937320,11610,11278.429,155913,100,94.429,7925.569,8.413,8.173,112.98,0.072,0.068
2021-02-17,10950201,12881,11272.429,156014,101,93.429,7934.903,9.334,8.168,113.053,0.073,0.068
2021-02-18,10963394,13193,11827.286,156111,97,94.857,7944.463,9.56,8.57,113.124,0.07,0.069
2021-02-19,10977387,13993,12091.571,156212,101,94.571,7954.603,10.14,8.762,113.197,0.073,0.069
2021-02-20,10991651,14264,12387.286,156302,90,94.286,7964.939,10.336,8.976,113.262,0.065,0.068
2021-02-21,11005850,14199,12751.571,156385,83,93.286,7975.228,10.289,9.24,113.322,0.06,0.068
2021-02-22,11016434,10584,12960.571,156463,78,92.857,7982.898,7.67,9.392,113.379,0.057,0.067
2021-02-23,11030176,13742,13265.143,156567,104,93.429,7992.856,9.958,9.612,113.454,0.075,0.068
2021-02-24,11046914,16738,13816.143,156705,138,98.714,8004.985,12.129,10.012,113.554,0.1,0.072
2021-02-25,11063491,16577,14299.571,156825,120,102,8016.997,12.012,10.362,113.641,0.087,0.074
2021-02-26,11079979,16488,14656,156938,113,103.714,8028.945,11.948,10.62,113.723,0.082,0.075
2021-02-27,11096731,16752,15011.429,157051,113,107,8041.084,12.139,10.878,113.805,0.082,0.078
2021-02-28,11112241,15510,15198.714,157157,106,110.286,8052.323,11.239,11.014,113.882,0.077,0.08
2021-03-01,11124527,12286,15441.857,157248,91,112.143,8061.226,8.903,11.19,113.947,0.066,0.081
2021-03-02,11139516,14989,15620,157346,98,111.286,8072.087,10.862,11.319,114.018,0.071,0.081
2021-03-03,11156923,17407,15715.571,157435,89,104.286,8084.701,12.614,11.388,114.083,0.064,0.076
2021-03-04,11173761,16838,15752.857,157548,113,103.286,8096.903,12.201,11.415,114.165,0.082,0.075
2021-03-05,11192045,18284,16009.429,157656,108,102.571,8110.152,13.249,11.601,114.243,0.078,0.074
2021-03-06,11210799,18754,16295.429,157756,100,100.714,8123.742,13.59,11.808,114.316,0.072,0.073
2021-03-07,11229398,18599,16736.714,157853,97,99.429,8137.219,13.477,12.128,114.386,0.07,0.072
2021-03-08,11244786,15388,17179.857,157930,77,97.429,8148.37,11.151,12.449,114.442,0.056,0.071
2021-03-09,11262707,17921,17598.714,158063,133,102.429,8161.356,12.986,12.753,114.538,0.096,0.074
2021-03-10,11285561,22854,18376.857,158189,126,107.714,8177.917,16.561,13.317,114.629,0.091,0.078
2021-03-11,11308846,23285,19297.857,158306,117,108.286,8194.79,16.873,13.984,114.714,0.085,0.078
2021-03-12,11333728,24882,20240.429,158446,140,112.857,8212.82,18.03,14.667,114.816,0.101,0.082
2021-03-13,11359048,25320,21178.429,158607,161,121.571,8231.168,18.348,15.347,114.932,0.117,0.088
2021-03-14,11385339,26291,22277.286,158725,118,124.571,8250.219,19.051,16.143,115.018,0.086,0.09
2021-03-15,11409831,24492,23577.857,158856,131,132.286,8267.967,17.748,17.085,115.113,0.095,0.096
2021-03-16,11438734,28903,25146.714,159044,188,140.143,8288.911,20.944,18.222,115.249,0.136,0.102
2021-03-17,11474605,35871,27006.286,159216,172,146.714,8314.905,25.993,19.57,115.374,0.125,0.106
2021-03-18,11514331,39726,29355,159370,154,152,8343.692,28.787,21.272,115.485,0.112,0.11
2021-03-19,11555284,40953,31650.857,159558,188,158.857,8373.368,29.676,22.935,115.621,0.136,0.115
2021-03-20,11599130,43846,34297.429,159755,197,164,8405.14,31.772,24.853,115.764,0.143,0.119
2021-03-21,11646081,46951,37248.857,159967,212,177.429,8439.162,34.022,26.992,115.918,0.154,0.129
2021-03-22,11686796,40715,39566.429,160166,199,187.143,8468.666,29.504,28.671,116.062,0.144,0.136
2021-03-23,11734058,47262,42189.143,160441,275,199.571,8502.914,34.248,30.572,116.261,0.199,0.145
2021-03-24,11787534,53476,44704.143,160692,251,210.857,8541.664,38.751,32.394,116.443,0.182,0.153
2021-03-25,11846652,59118,47474.429,160949,257,225.571,8584.503,42.839,34.402,116.629,0.186,0.163
2021-03-26,11908910,62258,50518,161240,291,240.286,8629.618,45.114,36.607,116.84,0.211,0.174
2021-03-27,11971624,62714,53213.429,161552,312,256.714,8675.062,45.445,38.56,117.066,0.226,0.186
2021-03-28,12039644,68020,56223.286,161843,291,268,8724.352,49.29,40.741,117.277,0.211,0.194
2021-03-29,12095855,56211,58437,162114,271,278.286,8765.084,40.732,42.346,117.474,0.196,0.202
2021-03-30,12149335,53480,59325.286,162468,354,289.571,8803.838,38.754,42.989,117.73,0.257,0.21
2021-03-31,12221665,72330,62018.714,162927,459,319.286,8856.251,52.413,44.941,118.063,0.333,0.231
2021-04-01,12303131,81466,65211.286,163396,469,349.571,8915.284,59.033,47.254,118.403,0.34,0.253
2021-04-02,12392260,89129,69050,164110,714,410,8979.87,64.586,50.036,118.92,0.517,0.297
2021-04-03,12485509,93249,73412.143,164623,513,438.714,9047.442,67.572,53.197,119.292,0.372,0.318
2021-04-04,12589067,103558,78489,165101,478,465.429,9122.483,75.042,56.876,119.638,0.346,0.337
2021-04-05,12686049,96982,84313.429,165547,446,490.429,9192.76,70.277,61.096,119.961,0.323,0.355
2021-04-06,12801785,115736,93207.143,166177,630,529.857,9276.626,83.866,67.541,120.418,0.457,0.384
2021-04-07,12928574,126789,100987,166862,685,562.143,9368.502,91.876,73.179,120.914,0.496,0.407
2021-04-08,13060542,131968,108201.571,167642,780,606.571,9464.131,95.629,78.407,121.479,0.565,0.44
2021-04-09,13205926,145384,116238,168436,794,618,9569.481,105.35,84.23,122.055,0.575,0.448
2021-04-10,13358805,152879,124756.571,169275,839,664.571,9680.263,110.782,90.403,122.663,0.608,0.482
2021-04-11,13527717,168912,134092.857,170179,904,725.429,9802.662,122.4,97.168,123.318,0.655,0.526
2021-04-12,13689453,161736,143343.429,171058,879,787.286,9919.862,117.2,103.872,123.955,0.637,0.57
2021-04-13,13873825,184372,153148.571,172085,1027,844,10053.464,133.602,110.977,124.699,0.744,0.612
2021-04-14,14074564,200739,163712.857,173123,1038,894.429,10198.927,145.463,118.632,125.451,0.752,0.648
2021-04-15,14291917,217353,175910.714,174308,1185,952.286,10356.429,157.502,127.471,126.31,0.859,0.69
2021-04-16,14526609,234692,188669,175649,1341,1030.429,10526.495,170.066,136.716,127.281,0.972,0.747
2021-04-17,14788003,261394,204171.143,177150,1501,1125,10715.91,189.415,147.95,128.369,1.088,0.815
2021-04-18,15061805,273802,219155.429,178769,1619,1227.143,10914.317,198.407,158.808,129.542,1.173,0.889
2021-04-19,15320972,259167,233074.143,180530,1761,1353.143,11102.118,187.802,168.894,130.818,1.276,0.981
2021-04-20,15616130,295158,248900.714,182553,2023,1495.429,11316,213.882,180.362,132.284,1.466,1.084
2021-04-21,15930774,314644,265172.857,184657,2104,1647.714,11544.002,228.002,192.154,133.809,1.525,1.194
2021-04-22,16263695,332921,281682.571,186920,2263,1801.714,11785.249,241.246,204.117,135.449,1.64,1.306
2021-04-23,16610481,346786,297696,189544,2624,1985,12036.542,251.293,215.721,137.35,1.901,1.438
2021-04-24,16960172,349691,310309.857,192311,2767,2165.857,12289.941,253.398,224.862,139.355,2.005,1.569
2021-04-25,17313163,352991,321622.571,195123,2812,2336.286,12545.73,255.79,233.059,141.393,2.038,1.693
2021-04-26,17636186,323023,330744.857,197894,2771,2480.571,12779.804,234.074,239.669,143.401,2.008,1.798
2021-04-27,17997113,360927,340140.429,201187,3293,2662,13041.345,261.54,246.478,145.787,2.386,1.929
2021-04-28,18376421,379308,349378.143,204832,3645,2882.143,13316.205,274.86,253.172,148.429,2.641,2.089
2021-04-29,18762976,386555,357040.143,208330,3498,3058.571,13596.316,280.111,258.724,150.963,2.535,2.216
2021-04-30,19164969,401993,364926.857,211853,3523,3187,13887.615,291.298,264.439,153.516,2.553,2.309
2021-05-01,19557457,392488,371040.714,215542,3689,3318.714,14172.025,284.411,268.869,156.189,2.673,2.405
2021-05-02,19925517,368060,373193.429,218959,3417,3405.143,14438.735,266.709,270.429,158.665,2.476,2.467
2021-05-03,20282833,357316,378092.429,222408,3449,3502,14697.658,258.924,273.979,161.165,2.499,2.538
2021-05-04,20664979,382146,381123.714,226188,3780,3571.571,14974.575,276.917,276.176,163.904,2.739,2.588
2021-05-05,21077410,412431,385855.571,230168,3980,3619.429,15273.437,298.862,279.605,166.788,2.884,2.623
2021-05-06,21491598,414188,389803.143,234083,3915,3679,15573.572,300.135,282.465,169.625,2.837,2.666
2021-05-07,21892676,401078,389672.429,238270,4187,3773.857,15864.208,290.635,282.37,172.659,3.034,2.735
2021-05-08,22296081,403405,391232,242347,4077,3829.286,16156.529,292.322,283.501,175.613,2.954,2.775
2021-05-09,22662575,366494,391008.286,246116,3769,3879.571,16422.104,265.575,283.338,178.344,2.731,2.811
2021-05-10,22992517,329942,387097.714,249992,3876,3940.571,16661.191,239.088,280.505,181.153,2.809,2.855
2021-05-11,23340938,348421,382279.857,254197,4205,4001.286,16913.669,252.478,277.014,184.2,3.047,2.899
2021-05-12,23703665,362727,375179.286,258317,4120,4021.286,17176.514,262.845,271.868,187.186,2.985,2.914
2021-05-13,24046809,343144,365030.143,262317,4000,4033.429,17425.169,248.654,264.514,190.084,2.899,2.923
2021-05-14,24372907,326098,354318.714,266207,3890,3991,17661.471,236.302,256.752,192.903,2.819,2.892
2021-05-15,24684077,311170,341142.286,270284,4077,3991,17886.955,225.485,247.204,195.857,2.954,2.892
2021-05-16,24965463,281386,328984,274390,4106,4039.143,18090.858,203.902,238.393,198.833,2.975,2.927
2021-05-17,25228996,263533,319497,278719,4329,4103.857,18281.823,190.965,231.519,201.97,3.137,2.974
2021-05-18,25496330,267334,307913.143,283248,4529,4150.143,18475.543,193.72,223.125,205.252,3.282,3.007
2021-05-19,25772440,276110,295539.286,287122,3874,4115,18675.622,200.079,214.158,208.059,2.807,2.982
2021-05-20,26031991,259551,283597.429,291331,4209,4144.857,18863.702,188.08,205.505,211.109,3.05,3.004
2021-05-21,26289290,257299,273769,295525,4194,4188.286,19050.15,186.448,198.383,214.148,3.039,3.035
